{
    "value0": {
        "//": "左目-右目",
        "T_imu_cam": [
            {
                "px": 0,
                "py": 0,
                "pz": 0,
                "qx": 0,
                "qy": 0,
                "qz": 0,
                "qw": 1.0
            },
            {  
                        "px": 0.0452098278064005,
                        "py": 0.0,
                        "pz": 0.0,
                        "qx": 0.0,
                        "qy": 0.0,
                        "qz": 0.0,
                        "qw": 1.0
                      }
                    ],
                    "intrinsics": [
                      {
                        "camera_type": "pinhole",
                        "intrinsics": {
                          "fx": 386.3202051867011,
                          "fy": 386.3202051867011,
                          "cx": 317.2629508972168,
                          "cy": 240.7685661315918
                        }
                      },
                      {
                        "camera_type": "pinhole",
                        "intrinsics": {
                          "fx": 386.3202051867011,
                          "fy": 386.3202051867011,
                          "cx": 317.2629508972168,
                          "cy": 240.7685661315918
                        }
                      }
                    ],
        "resolution": [
            [
                640,
                480
            ],
            [
                640,
                480
            ]
        ],
        "vignette": [],
        "calib_accel_bias": [
            0.0,
            0.0,
            0.0,
            0.0,
            0.0,
            0.0,
            0.0,
            0.0,
            0.0
        ],
        "calib_gyro_bias": [
            0.0,
            0.0,
            0.0,
            0.0,
            0.0,
            0.0,
            0.0,
            0.0,
            0.0,
            0.0,
            0.0,
            0.0
        ],
        "imu_update_rate": 0.0,
        "accel_noise_std": [
            0.0,
            0.0,
            0.0
        ],
        "gyro_noise_std": [
            0.0,
            0.0,
            0.0
        ],
        "accel_bias_std": [
            0.0,
            0.0,
            0.0
        ],
        "gyro_bias_std": [
            0.0,
            0.0,
            0.0
        ],
        "cam_time_offset_ns": 0
    }
}




